"","speaker","condition_m","condition_s","mov_av_rhythm","env10_av_rhythm","env10_av_rhythmimf1","env10_av_rhythmimf2"
"1","acp","low workload","reading1",0.909607731665719,4.74651810584958,5.6347438752784,2.67558528428094
"2","acp","low workload","reading2",0.904546536538919,5.0127639823625,6.03248259860789,3.07945463093559
"3","acp","low workload","reading3",0.888998641807631,5.17323208353109,5.81326373235259,2.8653985071033
"4","acp","low workload","spont speech1",0.851818988464951,4.56134218804614,5.40020971688221,2.59728902492348
"5","acp","low workload","spont speech2",0.847725120620463,3.35414808206958,4.29973238180196,1.95535714285714
"6","acp","low workload","spont speech3",0.916110456746499,4.04802149698782,4.98374864572048,2.44632400780742
"7","acp","moderate workload","reading1",0.926030491247883,4.70957613814757,5.40540540540541,2.77058227277847
"8","acp","moderate workload","reading2",0.910151691948658,4.70803336761513,5.27819033474237,2.68595041322314
"9","acp","moderate workload","reading3",0.900225056264066,4.8359659781288,5.41985660469073,2.82513395031661
"10","acp","moderate workload","spont speech1",0.923378258639183,3.80112932103016,4.27856585410641,2.11397058823529
"11","acp","moderate workload","spont speech2",0.921047496389962,3.73882207832254,4.25531914893617,2.09779423106586
"12","acp","moderate workload","spont speech3",0.926981791429097,3.33674065420561,3.69329586511441,1.82461774258293
"13","brx","low workload","reading1",0.961328381035613,5.18134715025907,6.15152169220807,3.08126288380167
"14","brx","low workload","reading2",0.963572267920094,5.19781877247941,6.24202343659357,3.02355560764092
"15","brx","low workload","reading3",0.973828362751065,5.18718460274616,6.19500175994368,3.1209667957292
"16","brx","low workload","spont speech1",0.938511326860841,5.26883376983516,6.10096004955095,2.84082136791725
"17","brx","low workload","spont speech2",0.95723435025136,4.97400109469075,5.74712643678161,2.6847020049437
"18","brx","low workload","spont speech3",0.954530319286692,4.30343616203755,5.0276263310037,2.42339934839111
"19","brx","moderate workload","reading1",1.04780615586117,4.84576795815989,5.65997436992738,2.63527378766605
"20","brx","moderate workload","reading2",1.03412616339193,4.92780197112079,5.52182380570512,2.77363896848138
"21","brx","moderate workload","reading3",1.0281517747858,5.06208213944604,5.75522388059701,2.95566502463054
"22","brx","moderate workload","spont speech1",1.06067810248345,4.36801625308373,5.30401973588739,2.3664343786295
"23","brx","moderate workload","spont speech2",1.06378907894233,4.65186641957566,5.55954767217579,2.5811823480433
"24","brx","moderate workload","spont speech3",1.06253140928997,4.41002473916317,5.21315119572622,2.52583237657865
"25","byo","low workload","reading1",0.709300995309461,5.21622826571556,6.21934908604547,3.11838734825704
"26","byo","low workload","reading2",0.749853544229643,5.48037889039242,6.23312331233123,3.19783808129715
"27","byo","low workload","reading3",0.786463298379409,5.13811526656815,6.13706102966246,3.07128122851249
"28","byo","low workload","spont speech1",0.835141441847136,4.37814956661963,5.6198347107438,2.50252270433905
"29","byo","low workload","spont speech2",0.761052042529379,4.38816080106023,5.54410248858784,2.52782076792689
"30","byo","low workload","spont speech3",0.750157927984839,4.55097325030353,5.67892531234089,2.68193224592221
"31","byo","moderate workload","reading1",0.681168973851901,5.06139882541378,5.95708337781574,2.86539078370576
"32","byo","moderate workload","reading2",0.63261480787254,4.9025069637883,5.85485307212823,2.89855072463768
"33","byo","moderate workload","reading3",0.606796116504854,5.0483604623732,6.00919052668788,2.97485538897415
"34","byo","moderate workload","spont speech1",0.60170377173259,3.92831451537235,4.81069598900412,2.23358534366471
"35","byo","moderate workload","spont speech2",0.571172969067199,4.05942950396083,4.72805197455696,2.24955824384939
"36","byo","moderate workload","spont speech3",0.6060116354234,4.44426839895429,5.2744119743407,2.48471858378979
"37","csm","low workload","reading1",0.873243280120071,5.58065373372309,6.26826029216468,3.314621758888
"38","csm","low workload","reading2",0.840108401084011,5.56942072770261,6.15061111841241,3.09155766944114
"39","csm","low workload","reading3",0.831168831168831,5.41147132169576,5.95861381201695,3.00827275006267
"40","csm","low workload","spont speech1",0.847491188467783,4.80012528875142,6.06084334990799,2.7431616897876
"41","csm","low workload","spont speech2",0.878293601003764,4.93865507066315,5.99471967696847,2.74387874076953
"42","csm","low workload","spont speech3",0.913522435036272,4.68565777963717,5.56802190697144,2.79395531194092
"43","csm","moderate workload","reading1",0.97340930674264,4.92917194518024,5.6033987828683,2.81008867902799
"44","csm","moderate workload","reading2",1.00205549845838,4.99873769250189,5.70347003154574,2.82828282828283
"45","csm","moderate workload","reading3",1.00064143681847,5.38617886178862,6.02363705680518,3.02260604521209
"46","csm","moderate workload","spont speech1",0.99728351877349,4.423662139093,5.2920656127069,2.40713224368499
"47","csm","moderate workload","spont speech2",1.02131081624447,4.61028324877152,5.60904478446726,2.63084242933109
"48","csm","moderate workload","spont speech3",1.05532140842266,4.40251572327044,5.09102946044356,2.44500397561622
"49","cvq","low workload","reading1",0.810902128618088,4.90824193723531,5.97176981541802,2.97761356226907
"50","cvq","low workload","reading2",0.788588658239592,5.06891951978657,5.86666666666667,2.9568697198755
"51","cvq","low workload","reading3",0.780972665956691,4.99062792877226,6.07760635811127,2.97493558210354
"52","cvq","low workload","spont speech1",0.786322320011542,4.76036849840485,5.74255296268416,2.66838820744566
"53","cvq","low workload","spont speech2",0.864252719415884,4.94950615913883,6.12584618799245,2.92505924170616
"54","cvq","low workload","spont speech3",0.840163934426229,5.17867444938406,6.17640071944887,2.89353031074885
"55","cvq","moderate workload","reading1",0.994708994708995,4.69092046283749,5.53187064573152,2.72945098447755
"56","cvq","moderate workload","reading2",0.95849903130417,4.47566482689413,5.28006424412769,2.74934778246037
"57","cvq","moderate workload","reading3",0.953288846520496,4.50570928916778,5.2658644451301,2.68817204301075
"58","cvq","moderate workload","spont speech1",0.945780088080283,4.61124079727061,5.45115478410558,2.58240378752556
"59","cvq","moderate workload","spont speech2",0.983778912586362,4.52705741268176,5.2091140758507,2.54466296351899
"60","cvq","moderate workload","spont speech3",0.964842258702669,4.50987828845292,5.26642310608672,2.47688698771906
"61","dwq","low workload","reading1",0.847022587268994,5.61262841393135,6.05151287821956,3.0811623246493
"62","dwq","low workload","reading2",0.866843245846376,4.95596007046389,5.50544687829448,2.72479564032698
"63","dwq","low workload","reading3",0.843450479233227,5.32711427519332,6.11117928580194,3.056280283265
"64","dwq","low workload","spont speech1",0.780429236079844,5.44324062697792,6.45593655757847,3.04655493482309
"65","dwq","low workload","spont speech2",0.802383316782522,5.58868233368409,6.62535562570638,3.14148399953112
"66","dwq","low workload","spont speech3",0.840537944284342,5.50191148070784,6.35321010522997,2.91078330835371
"67","dwq","moderate workload","reading1",1.02237654320988,4.28557883758415,4.87249976301071,2.52395862985103
"68","dwq","moderate workload","reading2",1.02575294631165,4.63890353189246,4.99683744465528,2.54183435712773
"69","dwq","moderate workload","reading3",1.0501619930734,4.61858378023421,5.40777230432403,2.78021015761821
"70","dwq","moderate workload","spont speech1",0.949953660797034,4.76263634966969,5.35206941564924,2.60468689973108
"71","dwq","moderate workload","spont speech2",1.00793561247132,4.51223150357995,5.16109785202864,2.46241092415028
"72","dwq","moderate workload","spont speech3",1.02843547334894,4.4931758932679,5.00690078208864,2.43039532379634
"73","egb","low workload","reading1",0.920510116022629,4.74588938714499,5.66037735849057,2.80576216928726
"74","egb","low workload","reading2",0.955867398820419,4.73914774990044,5.31554847700577,2.70378529941919
"75","egb","low workload","reading3",0.908388094317742,4.58662555405666,5.33821545577183,2.65262336649113
"76","egb","low workload","spont speech1",0.953508463187534,5.13227681265284,5.97706990186426,2.86004830303801
"77","egb","low workload","spont speech2",0.967099029633744,4.98280672159865,6.21230789183581,2.86817429674573
"78","egb","low workload","spont speech3",0.982953838496952,5.40039545229857,6.54349975284231,3.15320885371584
"79","egb","moderate workload","reading1",1.06768350810296,4.56928838951311,5.13060574852542,2.49906050357009
"80","egb","moderate workload","reading2",1.11078631978954,4.46018376722818,5.34022394487511,2.66717835555982
"81","egb","moderate workload","reading3",1.08190186960235,4.34782608695652,5.10962467484207,2.6247207743857
"82","egb","moderate workload","spont speech1",1.09990215594318,4.72630979117085,5.83350077020963,2.706142407395
"83","egb","moderate workload","spont speech2",1.09875904860393,5.01326853598491,5.90849506026793,2.6923322888022
"84","egb","moderate workload","spont speech3",1.10319309305194,4.83712082611502,5.88335201603315,2.76738967838444
"85","fpk","low workload","reading1",0.987288658521535,5.32310274547416,6.281467274035,3.02339532093581
"86","fpk","low workload","reading2",0.988593155893536,5.28744232447936,5.90654205607477,2.89457267623206
"87","fpk","low workload","reading3",1.01236021188935,5.23073346507032,5.84618953717666,2.92614955875523
"88","fpk","low workload","spont speech1",0.911912333805893,4.7017783339021,5.67246805444963,2.70895777212885
"89","fpk","low workload","spont speech2",0.885228234931876,5.03893724232707,5.98564666361276,2.79602750190986
"90","fpk","low workload","spont speech3",0.968732771520832,4.93266520513624,5.93485750078296,2.78060625048954
"91","fpk","moderate workload","reading1",1.15632643984879,4.74928208526618,5.23467697404749,2.74154322352421
"92","fpk","moderate workload","reading2",1.14259597806216,4.57296570275723,5.28970077328253,2.5767421017253
"93","fpk","moderate workload","reading3",1.1400651465798,4.66728280961183,5.47470547470548,2.72674754477181
"94","fpk","moderate workload","spont speech1",1.03333836174385,4.42933970720048,5.25549624874025,2.55414488424197
"95","fpk","moderate workload","spont speech2",1.03046594982079,4.47035235584599,5.0124382727509,2.44437014747948
"96","fpk","moderate workload","spont speech3",1.03799674205402,4.46713465220166,5.23866706694686,2.50939143501127
"97","fws","low workload","reading1",0.771144278606965,5.55956678700361,6.25601539942252,3.13441832429174
"98","fws","low workload","reading2",0.76751671205744,5.43769812240917,6.24085811799122,3.03030303030303
"99","fws","low workload","reading3",0.758150113722517,5.22369407648088,6.09923759530059,3.02235543899088
"100","fws","low workload","spont speech1",0.776564662463478,4.28614777727204,5.09027461690184,2.41467026082995
"101","fws","low workload","spont speech2",0.793956679256918,4.43357284818835,5.549610151353,2.46356298534869
"102","fws","low workload","spont speech3",0.801740923147406,4.54820644770698,5.60160478407328,2.58982999507781
"103","fws","moderate workload","reading1",0.897766805072382,4.84046016930758,5.49223922717899,2.67014001953761
"104","fws","moderate workload","reading2",0.896860986547085,4.51840423187128,5.21222784253354,2.49008373732922
"105","fws","moderate workload","reading3",0.922190201729107,4.6831955922865,5.36668561682774,2.71194165907019
"106","fws","moderate workload","spont speech1",0.890570201363439,3.13682649916117,3.39340042124971,1.74849738505971
"107","fws","moderate workload","spont speech2",0.888112949749507,3.71477208246643,4.33251278167014,1.98971100015131
"108","fws","moderate workload","spont speech3",0.871945655480077,3.79538775713503,4.48274144543507,2.08188066540492
"109","gjs","low workload","reading1",0.982165934349961,5.1334967109506,6.09332819128423,2.93663060278207
"110","gjs","low workload","reading2",0.932090545938748,5.15518148342977,6.25739450506113,3.03991541104943
"111","gjs","low workload","reading3",0.913838120104439,5.09277031349968,5.65579014715291,2.68733850129199
"112","gjs","low workload","spont speech1",0.878577802182717,5.05753368860528,6.19802450697532,2.88063047761397
"113","gjs","low workload","spont speech2",0.89768765278724,4.94012567679722,5.98348021973679,2.79648261110671
"114","gjs","low workload","spont speech3",0.947176684881603,5.19096094144827,6.39665006136741,2.91907514450867
"115","gjs","moderate workload","reading1",0.988846728757043,3.78822455499772,4.28002276607854,1.86088732554181
"116","gjs","moderate workload","reading2",0.994113799869196,3.85876418663304,4.22102839600921,2.10392902408112
"117","gjs","moderate workload","spont speech1",1.01707779886148,4.03772584371804,4.88875435144544,2.33368692226095
"118","gjs","moderate workload","spont speech2",0.992093092645084,4.41247358077793,5.13790035587189,2.40597037092043
"119","gjs","moderate workload","spont speech3",0.973008036325633,4.20931652479977,4.99623129105201,2.35556034327983
"120","gmm","low workload","reading1",0.678458929004119,4.867152598166,5.82980724024448,2.80362822476146
"121","gmm","low workload","reading2",0.729009552538964,4.82792770487744,5.97530864197531,2.96552576300507
"122","gmm","low workload","reading3",0.764233855559801,4.93978864585893,6.15196078431373,2.98433838944383
"123","gmm","low workload","spont speech1",0.755372259604949,4.69821673525377,5.81275720164609,2.6778817268904
"124","gmm","low workload","spont speech2",0.738916256157636,4.36590436590437,4.72727272727273,2.13903743315508
"125","gmm","low workload","spont speech3",0.795473183532885,4.86232918621252,6.70609830715888,2.74196848782484
"126","gmm","moderate workload","reading1",0.709219858156028,4.28222764588418,5.25790349417637,2.64063020082104
"127","gmm","moderate workload","reading2",0.684094795993159,4.63030303030303,5.5030303030303,2.72970996831587
"128","gmm","moderate workload","reading3",0.719424460431655,4.51380552220888,5.45018007202881,2.68456375838926
"129","gmm","moderate workload","spont speech1",0.638839728924764,4.5777968281183,5.51221603086155,2.47855917667238
"130","gmm","moderate workload","spont speech2",0.66577896138482,4.50702040183073,5.13496742165684,2.39813736903376
"131","gmm","moderate workload","spont speech3",0.637087599544937,4.73709852715212,5.53161188771877,2.53249915708238
"132","hct","low workload","reading1",0.949241924851681,5.58199356913183,6.23716632443532,3.13544076072989
"133","hct","low workload","reading2",0.936510122572648,5.55998935887204,6.30235341045074,3.17417978127501
"134","hct","low workload","reading3",0.944444444444445,5.73135950020372,6.40781971219115,3.29251700680272
"135","hct","low workload","spont speech1",0.813890396093326,4.44973870273594,5.31816784506609,2.52327102084776
"136","hct","low workload","spont speech2",0.847427951115313,4.43597296828972,5.30182271813709,2.57272632710378
"137","hct","low workload","spont speech3",0.89065606361829,4.38908659549229,5.42506919731119,2.61241291956935
"138","hct","moderate workload","reading1",1.00742311770944,5.44593528018942,6.25986322987901,3.26433121019108
"139","hct","moderate workload","reading2",0.964630225080386,5.18413961247273,6.05671756704735,2.94833995641584
"140","hct","moderate workload","reading3",0.967385295743505,5.56152606125739,6.60757453666398,3.19978488841086
"141","hct","moderate workload","spont speech1",0.939528527502562,4.12902136283036,5.03250865490163,2.29039891818796
"142","hct","moderate workload","spont speech2",0.952086074773589,4.69591112129195,5.84125529721681,2.71261557270574
"143","hct","moderate workload","spont speech3",0.967416862613369,4.01574277900073,4.74919957310566,2.2558900086765
"144","hox","low workload","reading1",1.0223642172524,5.35468534968097,6.22811405702851,3.1813627254509
"145","hox","low workload","reading2",1.03871576959396,4.8661800486618,5.65141864504922,2.99269226307853
"146","hox","low workload","reading3",1.01648692202802,4.99581689972511,5.73545226430876,2.91935869825317
"147","hox","low workload","spont speech1",0.965235815741976,4.62858696074244,5.38966334019338,2.60426788976562
"148","hox","low workload","spont speech2",0.995771920812423,4.77202929364517,5.36262697850224,2.68747290853923
"149","hox","low workload","spont speech3",1.03490886623417,4.31110939729302,5.08232753634365,2.43855384496662
"150","hox","moderate workload","reading1",0.938967136150235,4.54445179792632,5.25038605779837,2.54791182009527
"151","hox","moderate workload","reading2",0.97793679189028,4.78668054110302,5.56132456443983,2.83999076425768
"152","hox","moderate workload","reading3",1.00755667506297,4.70929583751813,5.22146602699989,2.6318749297042
"153","hox","moderate workload","spont speech1",0.932457633990108,3.8624889814889,4.48753906563026,2.205734910768
"154","hox","moderate workload","spont speech2",0.942322038556677,3.54161791091349,3.99407130041345,1.92037470725995
"155","hox","moderate workload","spont speech3",0.94793804814331,4.05495235984932,4.57197725090479,2.26911563620237
"156","hqn","low workload","reading1",0.840791971792786,5.42336833709956,6.24501727345203,3.28306419324703
"157","hqn","low workload","reading2",0.869679799710107,5.34042014679828,6.03840323395654,3.03455310467933
"158","hqn","low workload","reading3",0.863389500069628,5.36931043881166,5.96648957907642,3.13565098841172
"159","hqn","low workload","spont speech1",0.767560170172255,4.40719130409028,5.52676006279063,2.561517936555
"160","hqn","low workload","spont speech2",0.774526678141136,4.73949140354318,5.72007583186246,2.57131640931693
"161","hqn","low workload","spont speech3",0.811049791139434,4.78929522886898,5.66237698713096,2.66836086404066
"162","hqn","moderate workload","reading1",0.915271966527197,5.17241379310345,5.727318803852,2.85313972742326
"163","hqn","moderate workload","reading2",0.909205707791388,4.79086508626039,5.13520218308112,2.7736131934033
"164","hqn","moderate workload","reading3",0.920326058374967,4.87046632124352,5.30950530950531,2.77341705913134
"165","hqn","moderate workload","spont speech1",0.875627252214327,4.03002502085071,4.72393661384487,2.25604058203177
"166","hqn","moderate workload","spont speech2",0.861054118596751,3.95655806182122,4.61821219715957,2.26763436904244
"167","hqn","moderate workload","spont speech3",0.888354540293224,4.26098535286285,5.07989347536618,2.4167167367648
"168","hsx","low workload","reading1",0.851722802942315,5.47878194937018,6.56497864551556,3.08899240009806
"169","hsx","low workload","reading2",0.870482722236877,5.33906882591093,6.29901340753858,3.2446134347275
"170","hsx","low workload","reading3",0.867831593760995,5.18383192509705,6.12011874857273,3.10254362951979
"171","hsx","low workload","spont speech1",0.848666642279694,5.29304696032035,6.18459302325581,2.94738374208573
"172","hsx","low workload","spont speech2",0.801479654747226,5.20429125770372,6.09449897283725,3.0001903674091
"173","hsx","low workload","spont speech3",0.848461685457672,4.97369317536621,6.02596616071767,2.8870197772221
"174","hsx","moderate workload","reading1",1.10837438423645,5.02813360469292,5.72112507480551,2.85196374622356
"175","hsx","moderate workload","reading2",1.07573149741824,4.98462191112525,5.59974546611518,2.79631394979345
"176","hsx","moderate workload","reading3",1.06076328836619,4.74576271186441,5.61379776800812,2.78595696489241
"177","hsx","moderate workload","spont speech1",1.07052896725441,4.18930008988237,5.06151142355009,2.49131164824866
"178","hsx","moderate workload","spont speech2",1.04816770683309,4.31922650182279,5.03209446073381,2.41059392593767
"179","hsx","moderate workload","spont speech3",1.01125814734347,4.35688726357595,5.17600786627335,2.48554685963739
"180","ilu","low workload","reading1",1.6116035455278,5.27913422198759,6.14775725593667,3.03630363036304
"181","ilu","low workload","reading2",1.73464603844351,5.15260531507485,5.89463912740775,3.06406685236769
"182","ilu","low workload","reading3",1.95174844131201,5.54444888711182,6.50233177881412,3.24309836504958
"183","ilu","low workload","spont speech1",1.80437561085633,4.16979714500376,4.89050820718927,2.31561536726562
"184","ilu","low workload","spont speech2",1.67992269382294,4.06860197490534,4.69968074838518,2.30431873931465
"185","ilu","low workload","spont speech3",1.80372160280072,4.7222642651733,5.56228242772817,2.59769766737352
"186","ilu","moderate workload","reading1",1.64575745312289,5.2829176722982,5.89891406354739,2.9774678111588
"187","ilu","moderate workload","reading2",1.72151898734177,4.95161493025009,5.80620836998869,2.96184738955823
"188","ilu","moderate workload","reading3",1.779956146008,4.92486425053668,5.65656565656566,2.71298174442191
"189","ilu","moderate workload","spont speech1",1.8718252035349,3.86513441695138,4.60365117161887,2.03778537629952
"190","ilu","moderate workload","spont speech2",1.8127926457322,3.89448852669955,4.80109739368999,1.9827475215656
"191","ilu","moderate workload","spont speech3",1.75772895197356,4.14160111059695,4.72762271414822,2.09185642609031
"192","irc","low workload","reading1",1.05730598435187,4.88006617038875,5.87080103359173,2.9087886972782
"193","irc","low workload","reading2",1.0126582278481,5.01683136062548,6.07836752415066,2.95501805844369
"194","irc","low workload","reading3",1.03568614206912,5.0488420590495,6.08056195807266,3.09549945115258
"195","irc","low workload","spont speech1",1.11123376384443,4.52979549952356,5.81271761040865,2.75623828598728
"196","irc","low workload","spont speech2",1.12518601865631,4.45903531873444,5.88765828493091,2.6716730449852
"197","irc","low workload","spont speech3",1.12751047253651,4.08210510070221,5.35535149317077,2.40954550720161
"198","irc","moderate workload","reading1",1.07368421052632,4.59722934838379,5.62224274135631,2.69021460108841
"199","irc","moderate workload","reading2",1.05853710172542,4.51652638062,5.35824266064463,2.55722829449371
"200","irc","moderate workload","reading3",1.06315118009781,4.74961280330408,5.45004128819158,2.72727272727273
"201","irc","moderate workload","spont speech1",1.08462408801842,4.0312596719282,4.92881460848035,2.28434257395075
"202","irc","moderate workload","spont speech2",1.07628250451724,4.2434700760844,5.13765785551808,2.55917101699572
"203","irc","moderate workload","spont speech3",1.08687153022128,3.90600684718332,5.02645502645503,2.35147551195204
"204","ite","low workload","reading1",0.893985035467884,4.25975009466111,5.20636122680803,2.34737340274491
"205","ite","low workload","reading2",0.853100291302539,4.4035228182546,5.24367056939858,2.62043942753477
"206","ite","low workload","reading3",0.854062133020177,4.58887043189369,5.39755034253685,2.53322259136213
"207","ite","low workload","spont speech1",0.856498873027799,3.71309275275872,4.55562183119594,2.00741545260477
"208","ite","low workload","spont speech2",0.831617297639791,3.92894953534878,4.69748657020743,2.2447217643827
"209","ite","low workload","spont speech3",0.821484992101106,3.578279763536,4.28297380887131,1.97499902033779
"210","ite","moderate workload","reading1",0.863083562181247,4.11860043855468,4.82318177485464,2.33850872148744
"211","ite","moderate workload","reading2",0.859977949283352,4.70947345470402,5.18857641159799,2.47589833479404
"212","ite","moderate workload","reading3",0.876404494382022,4.64866028193264,5.22805507745267,2.48917748917749
"213","ite","moderate workload","spont speech1",0.832846857365246,3.58497870692993,4.20213589227674,1.99860562398327
"214","ite","moderate workload","spont speech2",0.79587324981577,3.39994903716647,3.94597939645444,1.82122823632258
"215","ite","moderate workload","spont speech3",0.787313848553497,3.65514210372107,4.25578669791972,2.01575957485798
"216","jwi","low workload","reading1",0.74719800747198,5.67412805830297,6.90640010385564,3.40746521004032
"217","jwi","low workload","reading2",0.723085163363685,5.66925130291089,6.88603735230593,3.40706839562675
"218","jwi","low workload","reading3",0.725041829336308,5.57591623036649,6.66928207140055,3.11844863731656
"219","jwi","low workload","spont speech1",0.733971888876656,5.49702912550578,6.66350745452557,3.11599226474988
"220","jwi","low workload","spont speech2",0.72979248829752,5.65203085584762,6.83454552099704,3.24846356453029
"221","jwi","low workload","spont speech3",0.736607956824563,5.67268533535157,7.05661873355678,3.25326408425305
"222","jwi","moderate workload","reading1",0.715166461159063,5.49084858569052,6.44317641464574,3.23040380047506
"223","jwi","moderate workload","reading2",0.695911519821051,5.37489262486195,6.35660817278194,3.07087581378209
"224","jwi","moderate workload","reading3",0.71136872612304,5.48256695300657,6.59340659340659,3.26613932125542
"225","jwi","moderate workload","spont speech1",0.72187847056957,5.17022961203484,6.42121931908155,2.95574309600222
"226","jwi","moderate workload","spont speech2",0.7227938193753,5.51578024547049,6.4947399181765,3.20233960884665
"227","jwi","moderate workload","spont speech3",0.718413243791972,5.33033324281336,6.39404050593621,3.0397957999768
"228","kgj","low workload","reading1",1.03828682673589,5.54994954591322,6.35641316685585,3.17057704502219
"229","kgj","low workload","reading2",0.99236641221374,5.3752786722814,6.06811145510836,2.95175492992683
"230","kgj","low workload","reading3",0.970491803278689,5.51688579530807,6.31199278629396,3.20289293555469
"231","kgj","low workload","spont speech1",0.91306332746364,4.59524884093054,5.6772499794897,2.6103016622204
"232","kgj","low workload","spont speech2",0.923616261039574,5.06744318371992,6.69075337883046,2.9911670235546
"233","kgj","low workload","spont speech2",0.893759989561927,4.96818167135058,6.64793100106599,2.93471234647705
"234","kgj","moderate workload","reading1",1.125,5.30951798385124,6.01834862385321,2.98763315783029
"235","kgj","moderate workload","reading2",1.1126924569802,5.29434009832346,6.24216595638004,2.96615540626188
"236","kgj","moderate workload","reading3",1.08476286579213,5.26963802019207,6.03299679881802,2.73163528977482
"237","kgj","moderate workload","spont speech1",1.00115264284538,4.64049288851019,5.50242368662387,2.49893418161545
"238","kgj","moderate workload","spont speech2",0.973900858293922,4.42932518744793,5.31722893238928,2.45181455113735
"239","kgj","moderate workload","spont speech3",0.959843290891283,4.51970042331488,5.56676866983528,2.54461227286073
"240","knb","low workload","reading1",0.930785226260026,4.4734027034912,5.50369506028782,2.72347047952534
"241","knb","low workload","reading2",0.967809804334105,4.76043276661515,6.056236481615,3.00238119888187
"242","knb","low workload","reading3",0.994182971972501,4.8760499897562,5.7552483358935,2.82096159785854
"243","knb","low workload","spont speech1",1.03688933200399,3.85210178546324,4.74702433201081,2.23605104946736
"244","knb","low workload","spont speech2",1.08087389804523,4.03155127081507,5.15947109705445,2.30376077504005
"245","knb","low workload","spont speech3",1.06443777682526,4.28744391425112,5.0922298981554,2.40208132862896
"246","knb","moderate workload","reading1",1.07181136120043,4.72425761666024,5.57001060036619,2.75901987266062
"247","knb","moderate workload","reading2",1.02442868400315,4.57497334496462,5.54263565891473,2.67701260911736
"248","knb","moderate workload","reading3",1.04828142324362,4.69155520063885,5.74907675416708,2.76802727910942
"249","knb","moderate workload","spont speech1",0.972730017106631,4.05576679340938,4.9563071176039,2.33598077821531
"250","knb","moderate workload","spont speech2",0.972342264477096,3.93256407491283,5.00377439879219,2.33068373916484
"251","knb","moderate workload","spont speech3",0.955558926133778,3.71166685526762,4.54151107087624,2.16791932620765
"252","koe","low workload","reading1",0.892985741034135,5.57422969187675,6.37138465837641,3.2474804031355
"253","koe","low workload","reading2",0.905250452625226,5.34175761056864,6.02409638554217,3.11553440069234
"254","koe","low workload","reading3",0.914216059728783,5.77752227651624,6.23832111542332,3.14483554529717
"255","koe","low workload","spont speech1",0.908147379346134,4.23120270487844,5.13957148822717,2.49323540780827
"256","koe","low workload","spont speech2",0.910855606988204,5.10597656393491,6.17859897880469,2.82280295512184
"257","koe","low workload","spont speech3",0.921316591128613,4.50163129146963,5.41808717328348,2.54669553410884
"258","koe","moderate workload","reading1",0.887496737144349,4.98355679230964,5.60960202147821,2.81833185222801
"259","koe","moderate workload","reading2",0.878844946641557,4.78697941598851,5.50173424231551,2.81893747741236
"260","koe","moderate workload","reading3",0.870790113971059,5.04345697147754,5.60518908334353,3.04780631682438
"261","koe","moderate workload","spont speech1",0.899402917390976,4.069374577671,4.58743148885051,2.24693770196137
"262","koe","moderate workload","spont speech2",0.883762732174955,3.91807658058771,4.61201942683424,2.19666048237477
"263","koe","moderate workload","spont speech3",0.907065563335455,3.66409812863658,4.21449913508413,2.12472949045839
"264","kwl","low workload","reading1",0.749879051765844,5.15368615669055,6.25432725594276,2.84163105001733
"265","kwl","low workload","reading2",0.742023250061835,5.29012272131538,6.31102643486544,2.95730980205104
"266","kwl","low workload","reading3",0.74019245003701,5.23798134417603,6.12293709638842,2.84791193011846
"267","kwl","low workload","spont speech1",0.784313725490196,4.51770451770452,5.37240537240537,2.53728661275831
"268","kwl","low workload","spont speech2",0.793677039584642,4.31814470031031,5.2100675741847,2.39798752001045
"269","kwl","low workload","spont speech3",0.812107788851975,4.72366211579178,5.37343943929328,2.54986483524512
"270","kwl","moderate workload","reading1",0.955690703735882,4.69047115994084,5.33811583500369,2.62101035721835
"271","kwl","moderate workload","reading2",0.917746931283699,4.72739435834541,5.28133704735376,2.67707752370329
"272","kwl","moderate workload","reading3",0.921552816495795,4.48631673396142,5.27023996411751,2.60089686098655
"273","kwl","moderate workload","spont speech1",0.871958195479422,3.95547787692025,4.71591083310336,2.23381405339061
"274","kwl","moderate workload","spont speech2",0.912716674336555,4.39543783865712,5.17463444200318,2.3216995447648
"275","kwl","moderate workload","spont speech3",0.942815052899424,4.5335102853351,5.08452087148051,2.45206244514774
"276","lwa","low workload","reading1",0.901098901098901,4.9740713302995,5.91590957109656,2.87830687830688
"277","lwa","low workload","reading2",0.897797264850193,4.96019595835885,6.00998268310074,2.89795918367347
"278","lwa","low workload","reading3",0.864909390444811,4.82600458669857,5.82079138841822,2.71321695760599
"279","lwa","low workload","spont speech1",0.914956812672835,4.59054131825722,5.74156200277599,2.62899346139513
"280","lwa","low workload","spont speech2",0.906236336897333,4.77112050238951,6.05079189541451,2.76701715550636
"281","lwa","low workload","spont speech3",0.858582274888242,4.53889729425425,5.98149255831955,2.71773568964303
"282","lwa","moderate workload","reading1",1.02244172948618,4.28903625872018,4.95825083928725,2.46339362618432
"283","lwa","moderate workload","reading2",1.03251517072729,4.44444444444444,5.1699716713881,2.43512264486314
"284","lwa","moderate workload","reading3",1.01942681284862,4.49459332393042,5.20676691729323,2.61351884929961
"285","lwa","moderate workload","spont speech1",1.02669404517454,4.05845385023094,4.91406072537291,2.2432739674119
"286","lwa","moderate workload","spont speech2",1.00538343612963,4.28510818837505,5.06150148451859,2.36950063658226
"287","lwa","moderate workload","spont speech3",1.02307203838284,4.4464705263527,5.49975416169137,2.51855499665834
"288","npn","low workload","reading1",0.909968288983869,5.60576293385724,6.4702030124427,3.34915611814346
"289","npn","low workload","reading2",0.938715301059407,5.40330920372285,6.07078274347714,2.89930106135128
"290","npn","low workload","reading3",0.921295077652014,5.24707080998472,5.77975811584978,3.03223340552937
"291","npn","low workload","spont speech1",1.09974123735592,5.03140978816655,6.10664718772827,2.77794023042283
"292","npn","low workload","spont speech2",0.917156813876981,4.58257563233592,5.41577120185155,2.53474520185308
"293","npn","low workload","spont speech3",0.994612515540821,4.59881489211046,5.54541050199381,2.50680792330361
"294","npn","moderate workload","reading1",0.970501851615375,5.29834117355781,6.01708555156618,2.94408708560119
"295","npn","moderate workload","reading2",1.01134681795757,5.11949532937038,5.96725288053366,2.98616168973052
"296","npn","moderate workload","reading3",1.04419621175328,4.92622560685388,5.5932405093419,2.90234328535744
"297","npn","moderate workload","spont speech1",0.960654062340317,4.2128151117755,5.16321885933625,2.46099459532955
"298","npn","moderate workload","spont speech2",0.888059461372631,4.41626306398165,5.13539343740045,2.35909206834991
"299","npn","moderate workload","spont speech3",0.968105065666041,4.10021093142878,4.75890907745254,2.24369654559591
"300","oet","low workload","reading1",0.653436592449177,5.29678243698455,6.50839606253619,3.16021842686186
"301","oet","low workload","spont speech1",0.560522208031787,4.96203240368128,6.31276901004304,2.8065509518477
"302","oet","low workload","spont speech2",0.559969731365872,4.79261981549539,5.67014175354384,2.73273273273273
"303","oet","low workload","spont speech3",0.569245165315034,4.93030756825251,6.17440387052183,2.80564203082363
"304","oet","moderate workload","reading1",0.70997515086972,4.73426653010129,5.57641971093661,2.84608378870674
"305","oet","moderate workload","reading2",0.728551689486245,5.14182257091129,5.62530178657653,2.9143897996357
"306","oet","moderate workload","reading3",0.70523703800444,5.41703581825085,5.98680872653475,3.07340614681229
"307","oet","moderate workload","spont speech1",0.666998888335186,4.22903482511653,5.20691223283311,2.33993411835977
"308","oet","moderate workload","spont speech2",0.641201079094499,4.25830057218481,5.02899848195866,2.42306194000779
"309","oet","moderate workload","spont speech3",0.621403912543153,4.37154329873475,5.22747073752794,2.52425712553062
"310","ots","low workload","reading1",1.03802324269435,4.94762647648763,5.5456570155902,2.66606922818416
"311","ots","low workload","reading2",1.04592996816735,4.8032021347565,5.55740802489719,2.62981947849343
"312","ots","low workload","reading3",1.04664391353811,4.70982142857143,5.51216246373577,2.59565898411278
"313","ots","low workload","spont speech1",1.09882791688865,4.3380206951446,5.08755638100292,2.30327569612691
"314","ots","low workload","spont speech2",1.06521283287901,4.34620329282959,5.33322274291876,2.50726442507264
"315","ots","low workload","spont speech3",1.07619795758052,3.63551438246857,4.42956677435678,2.0646669263732
"316","ots","moderate workload","reading1",1.12321689318207,4.65930219840315,5.47138964577657,2.64336428181322
"317","ots","moderate workload","reading2",1.10859728506787,4.53837597330367,5.11395219566426,2.54634800089346
"318","ots","moderate workload","spont speech1",1.06838550174385,3.92088219849466,4.2709609662174,2.12011038591265
"319","ots","moderate workload","spont speech2",1.070880293556,4.25071777471196,5.21920668058455,2.34267169023016
"320","ots","moderate workload","spont speech3",1.14054451802796,4.03240487893683,5.06098671035864,2.33183039577356
"321","php","low workload","reading1",0.866247292977209,4.68861482009989,5.43843568591506,2.70076726342711
"322","php","low workload","reading2",0.914335474039404,4.68832124461264,5.64533053515215,2.67847727512391
"323","php","low workload","reading3",0.933644548182727,4.78570668935446,5.63019833653231,2.78545609185626
"324","php","low workload","spont speech1",0.871914970275626,3.96373149840519,4.7431396431898,2.30206540447504
"325","php","low workload","spont speech2",0.914263482954822,3.7302586958628,4.36004263152795,2.10424242424242
"326","php","low workload","spont speech3",0.909834026370971,4.27311382085251,5.06320199992958,2.41201082943638
"327","php","moderate workload","reading1",1.20447375967881,4.63632097606757,5.28584817244611,2.60934860146424
"328","php","moderate workload","reading2",1.16267210606833,4.48466566113625,5.36899255982304,2.71529888551165
"329","php","moderate workload","reading3",1.18649552367598,4.70513093463913,5.50595238095238,2.71599657827203
"330","php","moderate workload","spont speech1",1.17281553398058,3.71876815804765,4.23231026568639,1.98050440971685
"331","php","moderate workload","spont speech2",1.15855435733022,3.90919640266899,4.6562228024369,2.14047308083007
"332","php","moderate workload","spont speech3",1.16546290216678,4.54644570431749,5.57250245124741,2.62691773169469
"333","pry","low workload","reading1",1.09953040888787,5.15940069843416,6.33025456183825,3.16742081447964
"334","pry","low workload","reading2",1.1549793753683,5.31278748850046,6.18532996091055,3.15304948216341
"335","pry","low workload","reading3",1.20685493603669,5.46810273405137,6.64931377188831,3.07912638739706
"336","pry","low workload","spont speech1",1.06003244997296,4.41728315642758,5.42474772776068,2.45236478032388
"337","pry","low workload","spont speech2",1.17229792794475,4.33704621988676,5.2018202671205,2.36515291936979
"338","pry","low workload","spont speech3",1.28473369305877,4.50355255966478,5.44202819364004,2.57683042557851
"339","pry","moderate workload","reading1",1.22653316645807,5.24781341107872,6.2408936376882,3.13677811550152
"340","pry","moderate workload","reading2",1.27388535031847,5.02581755593804,6.0800734197545,2.84664830119376
"341","pry","moderate workload","reading3",1.33266281116419,5.21268748463241,6.29224529925034,3.045308244615
"342","pry","moderate workload","spont speech1",1.33213468453743,3.93034421026935,4.54027664768104,2.12506106497313
"343","pry","moderate workload","spont speech2",1.27657908133297,3.91622547492993,4.87387106820305,2.24367744205136
"344","pry","moderate workload","spont speech3",1.36100714528751,3.60279216392704,4.40591458380245,2.04457473597174
"345","pzi","low workload","reading1",0.911623195745758,5.4199877375843,6.17798480019613,3.03329223181258
"346","pzi","low workload","reading2",0.913867946081791,5.0652683253375,5.79839429081178,2.80905138780515
"347","pzi","low workload","reading3",0.923404759086066,4.9682264586944,5.9156556903524,2.90326326791313
"348","pzi","low workload","spont speech1",0.874910434815402,3.95758661887694,4.80937978417535,2.25726885417445
"349","pzi","low workload","spont speech2",0.834711986764927,4.19352448692302,5.53456323627473,2.40302603278202
"350","pzi","low workload","spont speech3",0.872104045804421,4.16463437511725,4.99005740441977,2.35082053400428
"351","pzi","moderate workload","reading1",0.824402308326463,4.95454545454546,5.54419450124972,2.64236902050114
"352","pzi","moderate workload","reading2",0.845038255110198,4.50993525340478,5.0652683253375,2.53079507278835
"353","pzi","moderate workload","reading3",0.841346153846154,4.51821115721531,5.25345622119816,2.5539818899466
"354","pzi","moderate workload","spont speech1",0.792663972645322,4.15912504332422,4.6970046970047,2.28465575794998
"355","pzi","moderate workload","spont speech2",0.795570264765784,3.99583372786668,4.56096020214782,2.16485735925271
"356","pzi","moderate workload","spont speech3",0.797275330907965,3.65195421659074,4.28527701254974,1.99119280107218
"357","qlk","low workload","reading1",0.804257835600236,5.01750291715286,6.04363551510909,2.82149935875015
"358","qlk","low workload","reading2",0.759553762164728,4.94683310217291,6.13468634686347,2.95509638693293
"359","qlk","low workload","reading3",0.797843665768194,4.9919311457773,6.09638295588709,2.9863572886454
"360","qlk","low workload","spont speech1",1.07291273139403,3.85774562989753,4.56479981921585,2.17899419437533
"361","qlk","low workload","spont speech2",1.01357886185152,4.13042645312081,5.02889509740135,2.29814616209591
"362","qlk","low workload","spont speech3",1.01082424293476,4.50612381390294,5.3003385862977,2.53323300727364
"363","qlk","moderate workload","reading1",0.917909669343903,4.47219983883965,5.33628674989932,2.65753976243205
"364","qlk","moderate workload","reading2",0.889453621346887,4.33205513524718,5.21469218830833,2.48575867426204
"365","qlk","moderate workload","reading3",0.949628406275805,4.37036284175221,5.36585365853658,2.60347808400285
"366","qlk","moderate workload","spont speech1",0.899550224887556,3.91212536583559,4.96186032733467,2.25293659910327
"367","qlk","moderate workload","spont speech2",0.907064340072258,4.292042156713,5.24307410516676,2.40021471569342
"368","qlk","moderate workload","spont speech3",0.934475470018912,3.90662572601828,4.43934741592986,2.13939371506829
"369","rct","low workload","reading1",0.877759132567445,5.25788683024537,6.08108108108108,2.82888972336963
"370","rct","low workload","reading2",0.863053687016119,5.29752371565849,6.28233555062823,3.08680083960983
"371","rct","low workload","reading3",0.874056416368693,5.01891551071879,6.15307023074013,2.96751087234587
"372","rct","low workload","spont speech1",0.895603753747907,5.02606395394071,6.03377984857309,2.80453697949037
"373","rct","low workload","spont speech2",0.856470918600162,5.06116154358417,6.30191721285619,2.86997403690969
"374","rct","low workload","spont speech3",0.865860838845981,4.8086831077832,5.98337569554166,2.81893499260889
"375","rct","moderate workload","reading1",0.94687006838506,4.9877876333719,6.01387818041635,2.95667823627716
"376","rct","moderate workload","spont speech1",0.904431715405487,4.43213296398892,5.4922823317848,2.62051359062922
"377","rct","moderate workload","spont speech2",0.89016177722734,4.49833607466626,5.1715564395823,2.55703567600674
"378","rct","moderate workload","spont speech3",0.903843232568738,4.54818824236957,5.36009622613141,2.52173585757838
"379","rno","low workload","reading1",1.09706653947055,4.71907487443056,5.343600513359,2.70838197525099
"380","rno","low workload","reading2",1.07367218732153,4.53827048995258,5.14672686230248,2.45883149108956
"381","rno","low workload","reading3",1.11376292760541,4.98101407192316,5.51277759178663,2.74891049279249
"382","rno","low workload","spont speech1",1.00765505389783,4.40166129720918,5.12362690680433,2.43930860361235
"383","rno","low workload","spont speech2",1.10773972932621,4.66466752344233,5.61664048741016,2.65929562026402
"384","rno","low workload","spont speech3",1.13170086035738,4.70906809325672,5.54124562446338,2.62427287149656
"385","rno","moderate workload","reading1",1.07699358386801,4.44345204867701,5.213322936393,2.6427771556551
"386","rno","moderate workload","reading2",1.03583130747278,4.49299258037922,5.09015971148892,2.49948357777319
"387","rno","moderate workload","reading3",1.08645399907536,4.67415730337079,5.5262271144558,2.79216392704346
"388","rno","moderate workload","spont speech1",1.07531620466264,4.04402131190497,4.36738437349871,2.1504436382709
"389","rno","moderate workload","spont speech2",1.09208008587296,4.26924850161365,4.92392807745505,2.30680507497117
"390","rno","moderate workload","spont speech3",1.05573797747205,4.32868370160063,4.81422046660906,2.42094861660079
"391","rvh","low workload","reading1",0.874519676692726,5.14658814492383,5.75373993095512,2.85898261429491
"392","rvh","low workload","reading2",0.865250031810663,5.16577672916925,5.71994552432834,2.83652649912914
"393","rvh","low workload","reading3",0.878691725652917,4.80323386042088,5.60836501901141,2.76519666269368
"394","rvh","low workload","spont speech1",0.86589616584113,4.04011044906264,4.74494986193867,2.29859974540826
"395","rvh","low workload","spont speech2",0.865207521308948,4.39925119128659,5.34468085106383,2.45445666482653
"396","rvh","low workload","spont speech3",0.859079445145019,3.51493848857645,4.15853943980651,2.03405681331099
"397","rvh","moderate workload","spont speech1",0.841100250056831,3.45906025095143,4.0537994951588,1.87014553955207
"398","rvh","moderate workload","spont speech2",0.794053049501605,4.09656796769852,4.69657436242741,2.31121569945791
"399","rvh","moderate workload","spont speech3",0.817594636579184,3.9703034215623,4.49139217030198,2.16190053644174
"400","sph","low workload","reading1",0.93003593320651,5.35807359532993,5.94183258626081,2.94025649045981
"401","sph","low workload","reading2",0.925403453334838,5.35454239946231,5.97449093756993,2.91349170775437
"402","sph","low workload","reading3",0.897067280046003,5.21353300055463,6.09891328454203,2.90820290820291
"403","sph","low workload","spont speech1",0.891506805699276,4.67212793477835,5.57362913024732,2.62837864344278
"404","sph","low workload","spont speech2",0.885962773307323,4.66610448540337,5.66999959844196,2.65991642558663
"405","sph","low workload","spont speech3",0.874027744366931,4.8724630814183,5.80431177446103,2.75802117907381
"406","sph","moderate workload","reading1",0.862895493767977,4.70477090222012,5.40285255502031,2.58954730176732
"407","sph","moderate workload","reading2",0.863842040312628,5.11462047885889,5.6444218033622,2.8217973622329
"408","sph","moderate workload","reading3",0.847545219638243,4.88249594813614,5.40376442015786,2.62675626145388
"409","sph","moderate workload","spont speech1",0.855112609900036,4.81097597507639,5.69682810674814,2.67905304165418
"410","sph","moderate workload","spont speech2",0.890726896771115,4.2507802315016,5.10248410410331,2.44210859084802
"411","sph","moderate workload","spont speech3",0.903757151707299,4.48112353856734,5.34259963079596,2.5427412344248
"412","tuv","low workload","reading1",0.925376675762249,5.11219060837381,5.90951061865189,2.91375291375291
"413","tuv","low workload","reading2",0.971581248481904,5.02832861189802,5.85319801746519,2.87650065375015
"414","tuv","low workload","reading3",1.03382402517137,5.04500500055562,5.88170014426812,2.86634818353516
"415","tuv","low workload","spont speech1",1.06048703849175,4.6836770360014,5.48094092073597,2.64406252430205
"416","tuv","low workload","spont speech2",1.19354083781886,4.66019417475728,5.31914893617021,2.39260467645459
"417","tuv","low workload","spont speech3",1.20915161812937,4.5625293473157,5.18037405117771,2.42651950999961
"418","tuv","moderate workload","reading1",1.42289568511503,3.99853934635749,4.43268879970814,2.16216216216216
"419","tuv","moderate workload","reading2",1.43648321218415,3.85080297012606,4.40414507772021,2.20784821043553
"420","tuv","moderate workload","reading3",1.4506059493206,3.75180375180375,4.25378514780101,2.04321489919537
"421","tuv","moderate workload","spont speech1",1.50375939849624,4.20069249363037,4.51206373045153,2.26595500834998
"422","tuv","moderate workload","spont speech2",1.54253661576815,3.55628185673709,3.82086300143963,1.76901099761262
"423","tuv","moderate workload","spont speech3",1.55026241421074,3.29776915615907,3.91554081385001,1.91620656057161
"424","tyf","low workload","reading1",0.803571428571429,4.8631555991713,5.80089412277832,2.90562271265388
"425","tyf","low workload","reading2",0.808500808500809,4.80181200453001,5.43724512913457,2.64616080515662
"426","tyf","low workload","reading3",0.779917133804533,4.83516483516483,5.62239703840814,2.67511439633932
"427","tyf","low workload","spont speech1",0.836055783890118,4.51828166272765,5.18776077885953,2.37920809349381
"428","tyf","low workload","spont speech2",0.882205513784461,4.6827191698816,5.44403084286094,2.57330939557151
"429","tyf","low workload","spont speech3",0.888212927756654,4.57307900595704,5.38540225043625,2.49236260246212
"430","tyf","moderate workload","reading1",0.881242131766681,4.44444444444444,4.79536998759818,2.58397932816537
"431","tyf","moderate workload","reading2",0.859719018662193,4.62163006141355,5.14101363305235,2.52004581901489
"432","tyf","moderate workload","reading3",0.873920920814239,4.52516865594188,5.1681195516812,2.47457271678725
"433","tyf","moderate workload","spont speech1",0.900427209990141,4.35572865952613,4.98426193334848,2.34316684516276
"434","tyf","moderate workload","spont speech2",0.911495422177009,4.19767065674539,4.9023579936796,2.31751601452528
"435","tyf","moderate workload","spont speech3",0.965419007675872,4.38758290490954,4.93662441627752,2.26773383553045
"436","uxi","low workload","reading1",0.946015424164525,4.74603655457942,5.61559438440562,2.68118133252696
"437","uxi","low workload","reading2",0.952170062001772,5.06660842978816,5.69806789651785,2.74333369911116
"438","uxi","low workload","reading3",0.947760352025274,4.76771260671915,5.56417645754822,2.74883617823099
"439","uxi","moderate workload","reading1",0.890471950133571,4.2031523642732,4.78599221789883,2.4278022515908
"440","uxi","moderate workload","reading2",0.920245398773006,4.09890006580803,4.64242082511042,2.27422234752373
"441","uxi","moderate workload","reading3",0.93663385262353,3.94440270473328,4.37599774626726,2.27957799547852
"442","vnu","low workload","reading1",1.19396260419013,4.90947461957125,5.77456968350916,2.84444444444444
"443","vnu","low workload","reading2",1.2439217460138,4.75823328560414,5.46195352934699,2.72364924712135
"444","vnu","low workload","reading3",1.23809523809524,4.82430708570103,5.63608952800649,2.74706087766267
"445","vnu","low workload","spont speech1",1.09478892840575,4.15324683291924,4.96902030550273,2.33221836928837
"446","vnu","low workload","spont speech2",1.11496265589822,4.35649202733485,4.93115593980147,2.39214011106365
"447","vnu","low workload","spont speech3",1.17416829745597,5.12040557667934,6.15969581749049,2.90835306053433
"448","vnu","moderate workload","reading1",1.16455106556422,4.97275204359673,5.72851805728518,2.75
"449","vnu","moderate workload","reading2",1.16476583353555,5.07807843604721,5.73195385896064,2.76322058122916
"450","vnu","moderate workload","reading3",1.15266996000941,4.97282294437377,5.77367205542725,2.69203991645393
"451","vnu","moderate workload","spont speech1",1.08505189378622,4.20982292014701,4.99832943534915,2.35986228565698
"452","vnu","moderate workload","spont speech2",1.15632977924613,3.96651162790698,4.82904869972841,2.30064775519321
"453","vnu","moderate workload","spont speech3",1.06072085723563,4.14218145334671,4.75798072444556,2.17975836231313
"454","wdy","low workload","reading1",0.842992623814542,5.28883183568678,6.29011553273427,3.11133967600926
"455","wdy","low workload","reading2",0.835354351926704,5.21095093241635,6.24173499074319,2.99417064122946
"456","wdy","low workload","reading3",0.859106529209622,5.27192008879023,6.18671105562491,3.02525673050236
"457","wdy","low workload","spont speech1",0.839976667314797,4.92137337075628,5.69033795993694,2.60859528298257
"458","wdy","low workload","spont speech2",0.865360142529906,3.61728913134704,4.30549727234578,1.91484001007811
"459","wdy","low workload","spont speech3",0.875828763198821,4.44480296857984,5.3240834106401,2.47770469311166
"460","wdy","moderate workload","reading1",0.959055699004058,4.73740878095466,5.43062200956938,2.7027027027027
"461","wdy","moderate workload","reading2",0.905432595573441,5.07317073170732,5.99926838190465,2.97560975609756
"462","wdy","moderate workload","reading3",0.945156075115035,4.95219416523658,5.78360495037373,2.7215888194189
"463","wdy","moderate workload","spont speech1",0.876383763837638,3.86740331491713,4.50314084613638,2.16650253768654
"464","wdy","moderate workload","spont speech2",0.897617860293836,3.74486223169432,4.39426768540693,2.06914913848846
"465","wdy","moderate workload","spont speech3",0.959349593495935,4.29499858717152,5.12654906551488,2.48171052099753
"466","wfk","low workload","reading1",0.695777351247601,5.17955801104972,5.93171628922865,2.94492753623188
"467","wfk","low workload","reading2",0.622829081327105,5.22309403911465,5.95724798504848,2.78395133933793
"468","wfk","low workload","reading3",0.602046959662854,5.2534985088323,5.91404011461318,2.9833620195066
"469","wfk","low workload","spont speech1",0.628472887526346,4.09436834094368,4.85802257954157,2.28871231418469
"470","wfk","low workload","spont speech2",0.612946628793542,4.42095146564152,5.35984918493328,2.5154440868568
"471","wfk","low workload","spont speech3",0.639295944206899,4.18047204155929,5.24917215158824,2.33870308283588
"472","wfk","moderate workload","reading1",0.792340706503797,4.85290959845394,5.44596912521441,2.72079464478514
"473","wfk","moderate workload","reading2",0.781674085332754,4.46381124455309,5.27542372881356,2.54533884823417
"474","wfk","moderate workload","reading3",0.806993947545393,4.71749862863412,5.58292282430213,2.71313554648726
"475","wfk","moderate workload","spont speech1",0.767856464058996,3.74309444173024,4.47217106993874,2.08364675793591
"476","wfk","moderate workload","spont speech2",0.759248498934728,3.58345265276112,4.00556758428704,1.98862537238364
"477","wfk","moderate workload","spont speech3",0.770144606939494,4.06391953277093,4.76963011031798,2.18353017573765
"478","wkv","low workload","reading1",0.763143018654607,4.39071835487008,5.27638190954774,2.62459863185816
"479","wkv","low workload","spont speech1",0.746295957563563,4.42512840774397,5.49549225961711,2.53774263120058
"480","wkv","low workload","spont speech2",0.770891150169596,4.28418966305839,5.31330995578594,2.48731545416396
"481","wkv","low workload","spont speech3",0.797306188799009,4.61426436208945,5.42674280458361,2.48561565017261
"482","wkv","moderate workload","reading1",0.914370443593229,4.72892285646047,5.63380281690141,2.68295604263984
"483","wkv","moderate workload","reading2",0.959959580649236,4.5343137254902,5.32486565705911,2.44648318042813
"484","wkv","moderate workload","reading3",0.94694670389705,4.50153193495169,5.27741783484509,2.57713677739686
"485","wkv","moderate workload","spont speech1",0.940097894491492,3.99677183813074,4.59505148301829,2.28364922532775
"486","wkv","moderate workload","spont speech2",0.955840183521315,3.97124272509415,4.49088145896657,2.19301597004661
"487","wkv","moderate workload","spont speech3",0.970490768502446,4.07156559527072,4.67264117716119,2.3013698630137
"488","xfy","low workload","reading1",0.726884019241048,5.37511673757393,6.63831552743491,3.15712950462146
"489","xfy","low workload","reading2",0.65432982312647,5.40972152909472,6.52759756462721,3.09504792332268
"490","xfy","low workload","reading3",0.700092659322557,5.22245656322185,6.18349728970086,3.05619784859757
"491","xfy","low workload","spont speech1",0.763214925091869,4.30187279807157,5.63693676988689,2.59884908112122
"492","xfy","low workload","spont speech2",0.678805668944641,3.50611116067446,4.54099384423231,2.02651430611972
"493","xfy","low workload","spont speech3",0.623785663155742,5.18432598719048,6.64683039991931,2.89796536577978
"494","xfy","moderate workload","reading1",0.855005343783399,4.70299201544266,5.70275486927531,2.79929577464789
"495","xfy","moderate workload","reading2",0.851457658491439,4.60573476702509,5.78801182689723,2.90452711788436
"496","xfy","moderate workload","reading3",0.854700854700855,4.70898474288943,5.70675204821546,2.8420854507811
"497","xfy","moderate workload","spont speech1",0.712871287128713,3.93910860012555,4.59824231010672,2.15163532137108
"498","xfy","moderate workload","spont speech2",0.768977260243876,5.08757747237941,6.02273339438668,2.74017112531138
"499","xfy","moderate workload","spont speech3",0.805591754531454,4.15679266539761,5.05768558443072,2.34013605442177
"500","ybh","low workload","reading1",0.813812823050698,5.13650588108341,6.58107670730392,3.22196994269651
"501","ybh","low workload","reading2",0.816231343283582,5.07682030728123,6.29938786867001,3.08001339136257
"502","ybh","low workload","reading3",0.847166571265026,5.4083885209713,6.66593091270279,3.26999558108705
"503","ybh","low workload","spont speech1",0.86989804794878,4.31281750008639,4.98183705241308,2.45216550390274
"504","ybh","low workload","spont speech2",0.843576765485659,4.10154700515668,5.10115033716779,2.23077839082285
"505","ybh","low workload","spont speech3",0.792680355862883,4.54828919469505,5.6126054961959,2.53006533227914
"506","ybh","moderate workload","reading1",0.787091696182605,4.61056825728109,5.58765034567667,2.59220432669399
"507","ybh","moderate workload","reading2",0.831078469269424,4.60564191134139,5.43029837858582,2.66871460113276
"508","ybh","moderate workload","reading3",0.777555952506042,4.62694041061592,5.64790706989786,2.76303934327761
"509","ybh","moderate workload","spont speech1",0.849256900212314,4.21222513617107,5.2935243090579,2.45478036175711
"510","ybh","moderate workload","spont speech2",0.855931525477962,3.685542549826,4.50015817779184,2.01884253028264
"511","ybh","moderate workload","spont speech3",0.862383980121318,4.33647570703408,5.11928069030527,2.39303843364757
"512","yvc","low workload","reading1",0.925706147638263,5.31716417910448,6.18964514252472,3.00419189566837
"513","yvc","low workload","reading2",0.936928702010969,4.68662406099338,5.31568913311652,2.71391723673881
"514","yvc","low workload","reading3",0.939872273767924,5.18465909090909,5.90318772136954,2.88381987944687
"515","yvc","low workload","spont speech1",0.845024202149479,4.90668393992146,6.21384360208746,2.7790155965161
"516","yvc","low workload","spont speech2",0.865618072416341,4.9530019770386,6.1322881620478,2.86666203928646
"517","yvc","low workload","spont speech3",0.864414919161197,5.0875796178344,6.3044776119403,2.9471504241507
"518","yvc","moderate workload","reading1",0.977410947002606,4.55609963806685,5.12984248616432,2.5954685671737
"519","yvc","moderate workload","reading2",1.0020974131904,4.85857664233577,5.48100977939504,2.68164107265643
"520","yvc","moderate workload","reading3",1.02065036790885,4.59054209919262,4.94707777266452,2.60939845283455
"521","yvc","moderate workload","spont speech1",0.942285041224971,4.58677530081853,5.36381124816114,2.62035114215594
"522","yvc","moderate workload","spont speech2",0.948084715956877,4.66911347383556,5.48939548599297,2.60438354090169
"523","yvc","moderate workload","spont speech3",1.01589763474215,4.58560565327598,5.22313541746678,2.52084694308881
"524","zbw","low workload","reading1",0.64143681847338,4.32751413818539,4.94545454545455,2.43572395128552
"525","zbw","low workload","reading2",0.612244897959184,3.91346621293145,4.40960313571779,2.26304903272904
"526","zbw","low workload","spont speech1",0.77548202050247,3.90269421919958,4.67695527072979,2.12643377153931
"527","zbw","low workload","spont speech2",0.764183071683695,4.47688167658811,5.52067193998206,2.54621128657118
"528","zbw","low workload","spont speech3",0.777767238926302,4.20745481927711,5.26167168674699,2.41134083737578
"529","zbw","moderate workload","reading1",0.886607559496034,4.85138366928596,5.448535278696,2.90842990229493
"530","zbw","moderate workload","reading2",0.919651500484027,4.96277915632754,5.72306964644673,2.94571801876707
"531","zbw","moderate workload","reading3",0.911598896485546,4.70506431799745,5.18999073215941,2.52841568081652
"532","zbw","moderate workload","spont speech1",0.832748948106592,4.46946730186228,5.24902555218709,2.41799194002687
"533","zbw","moderate workload","spont speech2",0.848532563530595,4.46022604252371,5.30896808556705,2.61709779453183
"534","zbw","moderate workload","spont speech3",0.973939102049553,4.56548282635239,5.13555095761048,2.46389124893798
"535","zib","low workload","reading1",0.953402455011322,5.11929580727357,6.09148812970469,2.87618379515959
"536","zib","low workload","reading2",0.960499459719054,4.91423273064441,5.74805887124812,2.6579622289578
"537","zib","low workload","reading3",0.98005698005698,5.00954734359205,5.79124579124579,2.74651058081945
"538","zib","low workload","spont speech1",0.902264565339982,4.82992195552938,5.9078191724341,2.80594199481254
"539","zib","low workload","spont speech2",0.959763750461425,4.83224760681408,6.00055050922103,2.7359529930224
"540","zib","low workload","spont speech3",1.05927591961112,4.91714502328604,5.94967327340337,2.86416895703747
"541","zib","moderate workload","reading1",0.899861559760037,3.90771608345292,4.32671081677704,2.24046140195209
"542","zib","moderate workload","spont speech1",0.818313287009277,4.40346387126179,5.33342677926902,2.58037373347825
"543","zib","moderate workload","spont speech2",0.868219395266317,4.34055520457839,5.18785536437623,2.44518766257897
"544","zib","moderate workload","spont speech3",0.938092545158178,4.49579138471695,5.48514851485148,2.54234490045234
"545","zmq","low workload","reading1",1.20869229780121,5.4006309148265,6.01711983887211,2.9493319889085
"546","zmq","low workload","reading2",1.21605188488042,5.19276160503541,5.60870134975757,2.98117154811716
"547","zmq","low workload","reading3",1.22651356993737,5.1518646674356,5.95298926928973,2.83923775418851
"548","zmq","low workload","spont speech1",1.20878769466918,4.87076903537182,5.8169810122563,2.76401067479985
"549","zmq","low workload","spont speech2",1.23667234867476,5.0591568071988,5.99900016663889,2.8546655105716
"550","zmq","low workload","spont speech3",1.24706122866196,4.46980182978292,5.41452876046449,2.58722599385281
"551","zmq","moderate workload","reading1",1.34610997033995,4.7291971624817,5.27734111834718,2.67626222871922
"552","zmq","moderate workload","reading2",1.86579745981792,4.47876447876448,5.21854012991302,2.49255542075659
"553","zmq","moderate workload","spont speech1",1.25667184649686,4.47901933050448,5.19970364383377,2.54751314193288
"554","zmq","moderate workload","spont speech2",1.23767719651723,4.39725978264768,5.21165633176816,2.46089826373942
"555","zmq","moderate workload","spont speech3",1.22033462860079,4.33868501529052,5.10321100917431,2.47346444394862
"556","acp","low workload","motion only",0.905111410986407,NA,NA,NA
"557","acp","moderate workload","motion only",0.968541468064824,NA,NA,NA
"558","brx","low workload","motion only",0.910472812490103,NA,NA,NA
"559","brx","moderate workload","motion only",1.03048180924287,NA,NA,NA
"560","byo","low workload","motion only",0.821769710755809,NA,NA,NA
"561","byo","moderate workload","motion only",0.665197355239431,NA,NA,NA
"562","csm","low workload","motion only",0.906122448979592,NA,NA,NA
"563","csm","moderate workload","motion only",4.03414405986904,NA,NA,NA
"564","cvq","low workload","motion only",0.844238075137189,NA,NA,NA
"565","cvq","moderate workload","motion only",0.958118839214667,NA,NA,NA
"566","dwq","low workload","motion only",0.601481457068231,NA,NA,NA
"567","dwq","moderate workload","motion only",0.983472658626639,NA,NA,NA
"568","egb","low workload","motion only",0.8003530529355,NA,NA,NA
"569","egb","moderate workload","motion only",1.05522632494217,NA,NA,NA
"570","fpk","low workload","motion only",0.979849861714737,NA,NA,NA
"571","fpk","moderate workload","motion only",1.1103825136612,NA,NA,NA
"572","fws","low workload","motion only",0.811430292282211,NA,NA,NA
"573","fws","moderate workload","motion only",0.894906490557908,NA,NA,NA
"574","gjs","low workload","motion only",0.933743525225819,NA,NA,NA
"575","gjs","moderate workload","motion only",1.05858585858586,NA,NA,NA
"576","gmm","low workload","motion only",0.652134090492764,NA,NA,NA
"577","gmm","moderate workload","motion only",0.739558923734025,NA,NA,NA
"578","hct","low workload","motion only",0.840203312563951,NA,NA,NA
"579","hct","moderate workload","motion only",0.977599487603027,NA,NA,NA
"580","hox","low workload","motion only",0.999385623592054,NA,NA,NA
"581","hox","moderate workload","motion only",0.894202186364625,NA,NA,NA
"582","hqn","low workload","motion only",0.746784010792233,NA,NA,NA
"583","hqn","moderate workload","motion only",0.839360917895905,NA,NA,NA
"584","hsx","low workload","motion only",0.98837699303539,NA,NA,NA
"585","hsx","moderate workload","motion only",1.18713932399011,NA,NA,NA
"586","ilu","low workload","motion only",1.17727852447758,NA,NA,NA
"587","ilu","moderate workload","motion only",1.88848188848189,NA,NA,NA
"588","irc","low workload","motion only",1.08033540259114,NA,NA,NA
"589","irc","moderate workload","motion only",1.1186037286791,NA,NA,NA
"590","ite","low workload","motion only",0.919811320754717,NA,NA,NA
"591","ite","moderate workload","motion only",0.950832994717595,NA,NA,NA
"592","jwi","low workload","motion only",0.729579698651864,NA,NA,NA
"593","jwi","moderate workload","motion only",0.778580715387174,NA,NA,NA
"594","kgj","low workload","motion only",1.02745098039216,NA,NA,NA
"595","kgj","moderate workload","motion only",1.12495198375679,NA,NA,NA
"596","knb","low workload","motion only",0.860975167663585,NA,NA,NA
"597","knb","moderate workload","motion only",1.00077364771348,NA,NA,NA
"598","koe","low workload","motion only",0.909959854712292,NA,NA,NA
"599","koe","moderate workload","motion only",0.925599796859514,NA,NA,NA
"600","kwl","low workload","motion only",0.79399010566176,NA,NA,NA
"601","kwl","moderate workload","motion only",0.980313378867015,NA,NA,NA
"602","lwa","low workload","motion only",0.910994479645392,NA,NA,NA
"603","lwa","moderate workload","motion only",1.08286698915552,NA,NA,NA
"604","npn","low workload","motion only",0.942528735632184,NA,NA,NA
"605","npn","moderate workload","motion only",1.08814733662985,NA,NA,NA
"606","oet","low workload","motion only",0.645286686103013,NA,NA,NA
"607","oet","moderate workload","motion only",0.688018979833926,NA,NA,NA
"608","ots","low workload","motion only",1.10344827586207,NA,NA,NA
"609","ots","moderate workload","motion only",1.23189939236374,NA,NA,NA
"610","php","low workload","motion only",0.805253239691513,NA,NA,NA
"611","php","moderate workload","motion only",1.1367074736472,NA,NA,NA
"612","pry","low workload","motion only",3.99009356081453,NA,NA,NA
"613","pry","moderate workload","motion only",1.20036101083032,NA,NA,NA
"614","pzi","low workload","motion only",0.858815286912107,NA,NA,NA
"615","pzi","moderate workload","motion only",0.763653383477168,NA,NA,NA
"616","qlk","low workload","motion only",1.05686253297494,NA,NA,NA
"617","qlk","moderate workload","motion only",1.13614688637702,NA,NA,NA
"618","rct","low workload","motion only",1.59162560068562,NA,NA,NA
"619","rct","moderate workload","motion only",0.880318591490254,NA,NA,NA
"620","rno","low workload","motion only",1.11961337092227,NA,NA,NA
"621","rno","moderate workload","motion only",1.08623853211009,NA,NA,NA
"622","rvh","low workload","motion only",0.914424438600041,NA,NA,NA
"623","rvh","moderate workload","motion only",0.974886598934876,NA,NA,NA
"624","sph","low workload","motion only",0.923935835604949,NA,NA,NA
"625","sph","moderate workload","motion only",0.913328294280675,NA,NA,NA
"626","tuv","low workload","motion only",0.751494449188728,NA,NA,NA
"627","tuv","moderate workload","motion only",1.23880182358916,NA,NA,NA
"628","tyf","low workload","motion only",0.794706283045185,NA,NA,NA
"629","tyf","moderate workload","motion only",0.902624235046663,NA,NA,NA
"630","uxi","low workload","motion only",0.870466321243523,NA,NA,NA
"631","uxi","moderate workload","motion only",0.855596158613135,NA,NA,NA
"632","vnu","low workload","motion only",1.02266511284991,NA,NA,NA
"633","vnu","moderate workload","motion only",0.936433211029481,NA,NA,NA
"634","wdy","low workload","motion only",0.848882708663454,NA,NA,NA
"635","wdy","moderate workload","motion only",0.972334057519637,NA,NA,NA
"636","wfk","low workload","motion only",2.51834008540458,NA,NA,NA
"637","wfk","moderate workload","motion only",0.78045864399462,NA,NA,NA
"638","wkv","low workload","motion only",1.55750075460308,NA,NA,NA
"639","wkv","moderate workload","motion only",0.952701188074423,NA,NA,NA
"640","xfy","low workload","motion only",0.598352230012734,NA,NA,NA
"641","xfy","moderate workload","motion only",0.793095071378556,NA,NA,NA
"642","ybh","low workload","motion only",0.87161442360461,NA,NA,NA
"643","ybh","moderate workload","motion only",0.801661041678357,NA,NA,NA
"644","yvc","low workload","motion only",0.790504644214785,NA,NA,NA
"645","yvc","moderate workload","motion only",0.882470918572002,NA,NA,NA
"646","zbw","low workload","motion only",0.630572384122347,NA,NA,NA
"647","zbw","moderate workload","motion only",0.907718079268544,NA,NA,NA
"648","zib","low workload","motion only",0.813279223155686,NA,NA,NA
"649","zib","moderate workload","motion only",0.827588489899283,NA,NA,NA
"650","zmq","low workload","motion only",1.12942759648195,NA,NA,NA
"651","zmq","moderate workload","motion only",1.17494330693134,NA,NA,NA
"652","acp","speech only","reading1",NA,5.25752349232782,6.06781677572873,3.07692307692308
"653","acp","speech only","reading2",NA,5.11220448817953,5.92255125284738,3.17231434751262
"654","acp","speech only","reading3",NA,5.13248985438052,6.16045845272206,3.1291370802744
"655","acp","speech only","spont speech1",NA,4.51685755767059,5.46055815454105,2.63211012877962
"656","acp","speech only","spont speech2",NA,3.45521343596921,4.95976207137859,2.0852499233364
"657","acp","speech only","spont speech3",NA,4.44179206274777,7.81789505093994,3.3026113671275
"658","brx","speech only","reading1",NA,5.51431601272535,6.28901189494759,3.01708898055392
"659","brx","speech only","reading2",NA,5.53029372004424,6.77799607072692,3.1742125984252
"660","brx","speech only","reading3",NA,5.41416011105969,6.36132315521629,3.0527289546716
"661","brx","speech only","spont speech1",NA,4.08115260217583,5.17494854454572,2.35363342159459
"662","brx","speech only","spont speech2",NA,3.93652731156546,4.55377574370709,2.22917779983205
"663","brx","speech only","spont speech3",NA,3.70226335848176,4.40970601959869,2.05463460191455
"664","byo","speech only","reading1",NA,5.79304404005599,6.84607104413348,3.24149108589951
"665","byo","speech only","reading2",NA,5.67046246804555,6.94702602230483,3.44747262986257
"666","byo","speech only","reading3",NA,5.75389948006932,6.90371738628492,3.2616238723109
"667","byo","speech only","spont speech1",NA,4.09366783792417,13.9224021426641,3.84993608024388
"668","byo","speech only","spont speech2",NA,4.41702095639415,5.80157267015313,2.54633117372307
"669","byo","speech only","spont speech3",NA,4.05487695669305,6.6537745308695,2.27231998853088
"670","csm","speech only","reading1",NA,5.57630736392743,6.57614483493078,3.15972687106708
"671","csm","speech only","reading2",NA,5.68654646324549,6.68515950069348,3.34175793316484
"672","csm","speech only","reading3",NA,5.40164276764583,6.20651266351239,3.13155319446386
"673","csm","speech only","spont speech1",NA,4.87454707048609,6.17351473302796,2.77245345016429
"674","csm","speech only","spont speech2",NA,4.96577243293247,6.20906567992599,2.8452874925904
"675","csm","speech only","spont speech3",NA,4.87519215284386,6.08301002854842,2.79904744458692
"676","cvq","speech only","reading1",NA,5.92414471526943,6.59316668485973,3.15098468271335
"677","cvq","speech only","reading2",NA,5.82143246484247,6.52339914912185,3.33842461269911
"678","cvq","speech only","reading3",NA,6.17890073045144,6.59314313114361,3.30183036248355
"679","cvq","speech only","spont speech1",NA,5.35319525218515,8.09441213481618,3.7245089027338
"680","cvq","speech only","spont speech2",NA,5.35837792581268,6.5497416490794,2.99182720373614
"681","cvq","speech only","spont speech3",NA,5.41702493551161,6.41902783250349,3.10494424724822
"682","dwq","speech only","reading1",NA,5.45095457537854,6.34377467754672,3.01308312409145
"683","dwq","speech only","reading2",NA,5.48296182423777,5.95831735072241,3.05598356445814
"684","dwq","speech only","reading3",NA,5.64840005182018,6.29370629370629,3.27954190525768
"685","dwq","speech only","spont speech1",NA,5.59684161634928,6.6651184393869,3.15369416140405
"686","dwq","speech only","spont speech2",NA,5.63687324820928,6.46216132046092,3.14021895819535
"687","dwq","speech only","spont speech3",NA,5.56078106776026,6.2380074494902,3.21330902461258
"688","egb","speech only","reading1",NA,5.99243061396131,7.10606538421108,3.32697605424878
"689","egb","speech only","reading2",NA,5.61325966850829,6.65046398585948,3.07420103947805
"690","egb","speech only","reading3",NA,5.47663166563722,6.25385723102242,3.11019567456231
"691","egb","speech only","spont speech1",NA,4.605358435916,5.69152787834902,2.61565771836395
"692","egb","speech only","spont speech2",NA,4.95837187789084,6.26827012025902,2.99933348144857
"693","egb","speech only","spont speech3",NA,4.67620481927711,5.64852769734121,2.75602409638554
"694","fpk","speech only","reading1",NA,5.47736782046405,6.66751172518697,3.22253235219487
"695","fpk","speech only","reading2",NA,5.5005500550055,6.55096553409924,3.13149847094801
"696","fpk","speech only","reading3",NA,5.52211462967809,6.17639361423711,3.03545728117231
"697","fpk","speech only","spont speech1",NA,5.19747355604596,6.88684270603455,3.03965261113016
"698","fpk","speech only","spont speech2",NA,5.13360933383515,6.38931844755403,2.77004140007527
"699","fpk","speech only","spont speech3",NA,5.65395812142682,7.16916277927817,3.25083377216079
"700","fws","speech only","reading1",NA,5.65494807956962,6.05451576435121,3.06455664405928
"701","fws","speech only","reading2",NA,5.39951573849879,6.5359477124183,3.10340647351194
"702","fws","speech only","reading3",NA,5.79561482241313,6.69230769230769,3.33975594091201
"703","fws","speech only","spont speech1",NA,5.04717853839038,7.33395004625347,3.13981042654028
"704","fws","speech only","spont speech2",NA,4.58172458172458,6.46074646074646,2.59327637284788
"705","fws","speech only","spont speech3",NA,4.5316592524841,6.60208705774747,2.62194106875312
"706","gjs","speech only","reading1",NA,5.29531568228106,6.17551462621885,2.99931833674165
"707","gjs","speech only","reading2",NA,5.0902480197377,5.97169933792029,3.05522914218566
"708","gjs","speech only","reading3",NA,5.249343832021,5.92243186582809,3.04102765762223
"709","gjs","speech only","spont speech1",NA,5.21903826593245,7.35856336150959,3.01116024426195
"710","gjs","speech only","spont speech2",NA,5.24916255136927,7.06564906585627,3.05533473887948
"711","gjs","speech only","spont speech3",NA,4.94566185640477,6.22127204703367,2.83859924399116
"712","gmm","speech only","reading1",NA,4.51990912352027,5.35692933157958,2.57941246716026
"713","gmm","speech only","reading2",NA,5.02595563945257,6.08562330463498,2.82492581602374
"714","gmm","speech only","reading3",NA,4.76303881876637,5.74014528998452,2.8138786216764
"715","gmm","speech only","spont speech1",NA,4.38950954757943,5.3561524443388,2.4664921881196
"716","gmm","speech only","spont speech2",NA,5.01705453132421,7.07223349596304,3.06043053514308
"717","gmm","speech only","spont speech3",NA,4.79671457905544,6.18480492813142,2.5491324726585
"718","hct","speech only","reading1",NA,5.91198303287381,6.67903525046382,3.22751322751323
"719","hct","speech only","reading2",NA,5.98705501618123,6.7645869828864,3.35679480238224
"720","hct","speech only","reading3",NA,6.16680249932084,7.10123322943488,3.47802273038477
"721","hct","speech only","spont speech1",NA,4.13710162357186,6.14952896372018,2.39232529201622
"722","hct","speech only","spont speech2",NA,4.91427323359179,6.0718575952823,2.76897292964623
"723","hct","speech only","spont speech3",NA,4.46179160448475,5.90058546665136,2.44388263234505
"724","hox","speech only","reading1",NA,5.61116965226554,6.53233241143158,3.25009908838684
"725","hox","speech only","reading2",NA,5.84615384615385,6.63847238241702,3.28373524884556
"726","hox","speech only","reading3",NA,5.54803788903924,6.45509790681972,3.2192614635466
"727","hox","speech only","spont speech1",NA,4.92581155381487,5.68799034399517,2.82009601935508
"728","hox","speech only","spont speech2",NA,5.17832113377978,6.1724070830901,2.89459311851447
"729","hox","speech only","spont speech3",NA,5.19530498364441,6.24206272849721,2.91931446177547
"730","hqn","speech only","reading1",NA,6.21868174225877,6.98420849916549,3.33075135553834
"731","hqn","speech only","reading2",NA,6.19481048770547,6.90029883183917,3.28317373461012
"732","hqn","speech only","reading3",NA,6.14878542510121,6.67847204654693,3.4018786494034
"733","hqn","speech only","spont speech1",NA,4.66805344991715,6.5719423192187,2.80884999470694
"734","hqn","speech only","spont speech2",NA,4.70373253020202,5.97610909952286,2.76366592156066
"735","hqn","speech only","spont speech3",NA,4.84298674110258,6.01388355949349,2.77166893566517
"736","hsx","speech only","reading1",NA,4.85211033565969,6.04919122534899,2.69728042799822
"737","hsx","speech only","reading2",NA,5.24467337859986,6.28211116300794,3.03422321533576
"738","hsx","speech only","reading3",NA,5.28655532860747,6.15088899567516,2.9868722148621
"739","hsx","speech only","spont speech1",NA,4.61688117330141,5.63454055671955,2.63640789424409
"740","hsx","speech only","spont speech2",NA,4.88930936613056,6.20366167347556,2.98902762012864
"741","hsx","speech only","spont speech3",NA,5.00347972601736,5.98872538253166,2.89228966830197
"742","ilu","speech only","reading1",NA,5.60595802301963,6.81910431606007,3.36225596529284
"743","ilu","speech only","reading2",NA,5.82792431984533,6.85006877579092,3.31491712707182
"744","ilu","speech only","reading3",NA,5.95720878198853,6.93221523410203,3.39506172839506
"745","ilu","speech only","spont speech1",NA,3.72772277227723,5.81188118811881,2.33324251356104
"746","ilu","speech only","spont speech2",NA,4.34801142418688,10.6568907455561,3.79871099918904
"747","ilu","speech only","spont speech3",NA,4.15979797271229,6.72722808740486,2.95552669451367
"748","irc","speech only","reading1",NA,5.12123272150465,6.14094720145026,2.98913043478261
"749","irc","speech only","reading2",NA,4.95060495060495,6.32770870337478,2.92084726867336
"750","irc","speech only","reading3",NA,5.0761421319797,6.33739287325214,2.91327913279133
"751","irc","speech only","spont speech1",NA,4.07194020554344,5.55123014637185,2.33881655882124
"752","irc","speech only","spont speech2",NA,4.58801498127341,5.92048401037165,2.60208310808376
"753","irc","speech only","spont speech3",NA,4.62741343545556,6.22945588000638,2.73403813599923
"754","ite","speech only","reading1",NA,4.84324324324324,6.18111087097471,2.78684955366863
"755","ite","speech only","reading2",NA,5.0344282650412,5.95802301963439,2.86168521462639
"756","ite","speech only","reading3",NA,4.81687014428413,5.5715871254162,2.66189464265742
"757","ite","speech only","spont speech1",NA,3.59666975023127,4.41073080481036,1.94095640256325
"758","ite","speech only","spont speech2",NA,3.36738989017717,4.28576895113458,1.89243027888446
"759","ite","speech only","spont speech3",NA,3.80488547294726,4.42888669051062,2.03405325105702
"760","jwi","speech only","reading1",NA,5.93967517401392,6.79656692182788,3.13297748897656
"761","jwi","speech only","reading2",NA,6.16662471683866,7.09523210466725,3.32200830502076
"762","jwi","speech only","reading3",NA,6.14510715207849,7.27648045413495,3.5405091097041
"763","jwi","speech only","spont speech1",NA,5.23853406110442,6.67753597504785,3.09395401646324
"764","jwi","speech only","spont speech2",NA,5.47392682224143,7.23134543359263,3.28778975449728
"765","jwi","speech only","spont speech3",NA,5.45981173062998,6.69804489500362,3.10959698463323
"766","kgj","speech only","reading1",NA,6.23936471922859,7.20056697377746,3.43701178809828
"767","kgj","speech only","reading2",NA,6.21065883340327,7.01999720318836,3.52496852706672
"768","kgj","speech only","reading3",NA,6.34441087613293,6.94101508916324,3.32189430336307
"769","kgj","speech only","spont speech1",NA,5.07621360932165,8.49760630808223,3.66991864191878
"770","kgj","speech only","spont speech2",NA,5.06889456948688,9.96321466425588,3.72531278275249
"771","kgj","speech only","spont speech3",NA,5.20397489539749,8.05439330543933,3.3372595210051
"772","knb","speech only","reading1",NA,4.93566758067918,5.67211386399578,2.84780086488767
"773","knb","speech only","reading2",NA,4.79129616068626,6.23430962343096,3.11022381002417
"774","knb","speech only","reading3",NA,4.94616778595033,6.0967810701343,2.94180345342145
"775","knb","speech only","spont speech1",NA,4.29886206592373,5.78099270759821,2.48764996471419
"776","knb","speech only","spont speech2",NA,4.49181340747606,6.38146718146718,2.67680514342235
"777","knb","speech only","spont speech3",NA,4.23746023150342,5.50911982674021,2.45884982727088
"778","koe","speech only","reading1",NA,5.89123867069486,6.76532769556025,3.23318590818972
"779","koe","speech only","reading2",NA,5.87726879861711,6.71082949308756,3.47977381470204
"780","koe","speech only","reading3",NA,5.63618430322671,6.53337088144185,3.27682005983758
"781","koe","speech only","spont speech1",NA,2.62719703977798,5.80203515263645,1.87567186862883
"782","koe","speech only","spont speech2",NA,4.20628061077499,6.05012964563526,2.48756218905473
"783","koe","speech only","spont speech3",NA,4.99311679130855,6.32511068943707,2.94939112948274
"784","kwl","speech only","reading1",NA,5.41393542121874,6.66343590986189,3.17654245571167
"785","kwl","speech only","reading2",NA,5.40340488527017,6.67898952556993,3.08147417724639
"786","kwl","speech only","reading3",NA,5.42673902318698,6.220036877689,3.10497782158699
"787","kwl","speech only","spont speech1",NA,4.32845321451305,5.53155868072995,2.3748654467169
"788","kwl","speech only","spont speech2",NA,4.47061312273032,5.57768924302789,2.52503879249542
"789","kwl","speech only","spont speech3",NA,4.44386609844172,5.48996650079683,2.51506760058641
"790","lwa","speech only","reading1",NA,5.31502602148156,6.36675140930695,2.97539149888143
"791","lwa","speech only","reading2",NA,5.10919655379683,6.2111801242236,3.02145231141102
"792","lwa","speech only","reading3",NA,5.08243200672057,6.32020997375328,2.89304191743216
"793","lwa","speech only","spont speech1",NA,4.81891649206824,6.33043998802754,2.90647589797371
"794","lwa","speech only","spont speech2",NA,4.76982806433722,6.40202836542271,2.79958759616147
"795","lwa","speech only","spont speech3",NA,4.93617021276596,6.14246068455134,2.7771606309709
"796","npn","speech only","reading1",NA,5.71275311787582,6.35559131134352,3.19077624346427
"797","npn","speech only","reading2",NA,5.86749017405952,6.44528513380972,3.31460674157303
"798","npn","speech only","reading3",NA,5.89812332439678,6.48984198645598,3.18758815232722
"799","npn","speech only","spont speech1",NA,4.63667124526785,7.63844684914068,3.00489637131934
"800","npn","speech only","spont speech2",NA,4.58221984678425,6.54195617316943,2.71774020971539
"801","npn","speech only","spont speech3",NA,4.50087045136088,5.17980724323865,2.53315706426713
"802","oet","speech only","reading1",NA,5.11415525114155,6.05853547431955,2.8310502283105
"803","oet","speech only","reading2",NA,5.0687091687317,5.99166572812254,2.9484582489309
"804","oet","speech only","reading3",NA,5.33459223415555,6.26545754328112,3.01993629821871
"805","oet","speech only","spont speech1",NA,4.68885047536733,6.08614232209738,2.60292739202538
"806","oet","speech only","spont speech2",NA,5.19727691969841,6.60273772051826,2.95357103594855
"807","oet","speech only","spont speech2",NA,4.86048604860486,5.86725339200587,2.64860897991861
"808","ots","speech only","reading1",NA,5.2259242355089,6.25071290065017,2.9966830607343
"809","ots","speech only","reading2",NA,4.87584650112867,5.61886494414984,2.69535673839185
"810","ots","speech only","reading3",NA,5.30147895335609,6.23223018310019,2.80685609110779
"811","ots","speech only","spont speech1",NA,3.99553215254508,5.40609542045636,2.28085867620751
"812","ots","speech only","spont speech2",NA,4.38420348058902,6.25836680053548,2.59729378744083
"813","ots","speech only","spont speech3",NA,3.85518677715248,4.86551158771658,2.08527441323927
"814","php","speech only","reading1",NA,5.14575971731449,6.09002647837599,3.09221424627278
"815","php","speech only","reading2",NA,5.10497237569061,6.20583038869258,2.9646017699115
"816","php","speech only","reading3",NA,5.32012897282358,6.05432780847145,2.92559318129463
"817","php","speech only","spont speech1",NA,4.75454478545669,5.85118127621992,2.71998226098525
"818","php","speech only","spont speech2",NA,4.6947617172115,6.0338716029933,2.82323252237688
"819","php","speech only","spont speech3",NA,4.76087582829156,5.96241088788075,2.76086956521739
"820","pry","speech only","reading1",NA,5.39210202483499,6.84563758389262,3.10614525139665
"821","pry","speech only","reading2",NA,5.4922515952598,6.72211461775094,3.3048433048433
"822","pry","speech only","reading3",NA,5.55747722817941,6.71048080249049,3.11526479750779
"823","pry","speech only","spont speech1",NA,4.30293170423985,5.23292492612146,2.42979486158136
"824","pry","speech only","spont speech2",NA,4.2118015963512,5.11669339034384,2.3458110516934
"825","pry","speech only","spont speech3",NA,4.67754922772857,5.89763289796217,2.64827788577926
"826","pzi","speech only","reading1",NA,5.63928050559067,6.6213921901528,3.20388349514563
"827","pzi","speech only","reading2",NA,5.6563245823389,6.60940109759007,3.0983547496097
"828","pzi","speech only","reading3",NA,5.63616740616381,6.78657074340528,3.25654323965746
"829","pzi","speech only","spont speech1",NA,4.3399251737039,5.20933547122751,2.42581763049599
"830","pzi","speech only","spont speech2",NA,4.79113324681702,5.8363438672793,2.71741038514201
"831","pzi","speech only","spont speech3",NA,4.43157132512672,5.31498913830558,2.49954454363272
"832","qlk","speech only","reading1",NA,5.40731162571999,6.41673522153014,3.17385682379217
"833","qlk","speech only","reading2",NA,5.2110351332233,6.3877430760165,3.12649164677804
"834","qlk","speech only","reading3",NA,5.13662483874751,6.0478199718706,2.93255131964809
"835","qlk","speech only","spont speech1",NA,3.76247100835696,4.71705055559644,2.16399234506109
"836","qlk","speech only","spont speech2",NA,4.07506248146736,5.07476595924938,2.39124904604426
"837","qlk","speech only","spont speech3",NA,3.54368270410249,4.56862477851983,2.08841505193631
"838","rct","speech only","reading1",NA,5.41666666666667,6.61521499448732,3.34193389851333
"839","rct","speech only","reading2",NA,5.38899430740038,6.24683864441072,3.05598356445814
"840","rct","speech only","reading3",NA,5.41846858305775,6.20549338758901,3.06424616969229
"841","rct","speech only","spont speech1",NA,4.79459142492498,6.69816852343669,2.77423139298161
"842","rct","speech only","spont speech2",NA,4.70470827244538,6.18387774730168,2.5544971279746
"843","rct","speech only","spont speech3",NA,4.97188093276498,6.50499695526024,2.78265858643813
"844","rno","speech only","reading1",NA,5.97728631201435,6.61885552069326,2.95588564604016
"845","rno","speech only","reading2",NA,5.49400516011534,6.28319927151313,3.08632543926662
"846","rno","speech only","reading3",NA,5.61655405405405,6.26318009278785,3.12962571368154
"847","rno","speech only","spont speech1",NA,3.64574931440555,4.799161155025,1.97899838449111
"848","rno","speech only","spont speech2",NA,3.43743987686782,4.18136343230937,1.92585459797785
"849","rno","speech only","spont speech3",NA,4.47303657009628,8.00483571521091,2.91383857161385
"850","rvh","speech only","reading1",NA,5.58199356913183,6.24678663239075,3.17010309278351
"851","rvh","speech only","reading2",NA,5.55405039284747,6.37751655181732,3.07650421998366
"852","rvh","speech only","reading3",NA,5.65123789020452,6.30195762939126,3.13259519308669
"853","rvh","speech only","spont speech1",NA,4.46299461022742,5.44186352569586,2.4627306757733
"854","rvh","speech only","spont speech2",NA,4.37037037037037,5.21885521885522,2.38320920785376
"855","rvh","speech only","spont speech3",NA,4.23509075194468,4.95534428118698,2.40043251036223
"856","sph","speech only","reading1",NA,5.94080338266385,6.93446088794926,3.31853730712323
"857","sph","speech only","reading2",NA,6.31741140215717,6.77742325888437,3.45173143302528
"858","sph","speech only","reading3",NA,6.1755023271654,6.71887413460447,3.30161641637051
"859","sph","speech only","spont speech1",NA,4.73926822241429,6.43186401613368,2.7248152820328
"860","sph","speech only","spont speech2",NA,4.93361554743121,6.04194727727535,2.82764465675322
"861","sph","speech only","spont speech3",NA,5.05873799410707,6.09191443768415,2.82661151327129
"862","tuv","speech only","reading1",NA,4.80541455160744,5.6369785794814,2.81818181818182
"863","tuv","speech only","reading2",NA,4.65221831385453,5.60408394781622,2.82427969479558
"864","tuv","speech only","reading3",NA,4.90013934045518,5.68775391758561,2.69422831262339
"865","tuv","speech only","spont speech1",NA,5.03953690741932,6.21240210359048,2.88483380025744
"866","tuv","speech only","spont speech2",NA,5.32903886977527,6.59541761218066,2.91500347896144
"867","tuv","speech only","spont speech3",NA,5.63123049996195,7.03903812495244,3.25184677480771
"868","tyf","speech only","reading1",NA,5.0176322418136,5.96413459601048,2.69640141915864
"869","tyf","speech only","reading2",NA,5.36868631532815,6.16129387171306,2.93827431202719
"870","tyf","speech only","reading3",NA,4.97888419648811,5.73397044116013,2.77963086502113
"871","tyf","speech only","spont speech1",NA,4.6758615773905,5.80691129319558,2.58712850117597
"872","tyf","speech only","spont speech2",NA,5.01010101010101,6.52415418279751,2.66567687947091
"873","tyf","speech only","spont speech3",NA,4.89176688251619,5.87604070305273,2.83483216757337
"874","uxi","speech only","reading1",NA,5.01455115289904,6.55774395702775,3.0421653058942
"875","uxi","speech only","reading2",NA,5.16159032783074,6.31970260223048,2.88405628561461
"876","uxi","speech only","reading3",NA,5.2281789986708,6.31089459698848,2.92520775623269
"877","vnu","speech only","reading1",NA,5.82417582417582,6.41828772392571,3.22830292979547
"878","vnu","speech only","reading2",NA,5.87544065804935,6.48496240601504,3.31608654750706
"879","vnu","speech only","reading3",NA,5.95155709342561,6.68742073100427,3.26691380908248
"880","vnu","speech only","spont speech1",NA,3.92946825243522,5.14843836221168,2.28271383169822
"881","vnu","speech only","spont speech2",NA,3.96975425330813,4.83223062381853,2.25064240777387
"882","vnu","speech only","spont speech3",NA,5.06117243852867,7.21058083021273,3.00757877941763
"883","wdy","speech only","reading1",NA,5.4004696060527,6.36494065475414,3.0664395229983
"884","wdy","speech only","reading2",NA,5.27354765933446,6.28434549809779,3.14269535673839
"885","wdy","speech only","reading3",NA,5.60505892497844,6.60445082555635,3.22813085459
"886","wdy","speech only","spont speech1",NA,4.75605906492231,6.18708568622637,2.80216307324953
"887","wdy","speech only","spont speech2",NA,5.22381930184805,7.42505133470226,3.09943683972541
"888","wdy","speech only","spont speech3",NA,5.11833750240523,6.41908793534732,2.97231740653756
"889","wfk","speech only","reading1",NA,5.45156761815629,6.36406176883482,3.04146370440775
"890","wfk","speech only","reading2",NA,5.33815878760461,6.24646373203576,2.94688749286122
"891","wfk","speech only","reading3",NA,5.02120062486052,6.1181199062186,2.85810734781141
"892","wfk","speech only","spont speech1",NA,4.13315374254377,4.92591879930729,2.28095861909532
"893","wfk","speech only","spont speech2",NA,4.47755847691371,5.46620338861626,2.47356157017387
"894","wfk","speech only","spont speech3",NA,4.32403474534114,5.19649485325068,2.34608602315418
"895","wkv","speech only","reading1",NA,5.70549573486226,6.61549197487788,3.21453529000699
"896","wkv","speech only","reading2",NA,5.63059860656903,6.36997014076497,3.02166476624857
"897","wkv","speech only","reading3",NA,5.64482324996507,6.74846625766871,3.40306834030683
"898","wkv","speech only","spont speech1",NA,3.98517145505097,4.79281078382426,2.10248734944052
"899","wkv","speech only","spont speech2",NA,4.32348825219121,5.10895170789164,2.39997055250856
"900","wkv","speech only","spont speech3",NA,4.70263883418669,5.68727845608507,2.6005946481665
"901","xfy","speech only","reading1",NA,5.42915730885656,6.52216363991408,3.08865213566611
"902","xfy","speech only","reading2",NA,5.40801545147272,6.8925571966406,3.09328177863702
"903","xfy","speech only","reading3",NA,5.63473649320517,6.87216882112474,3.22295805739514
"904","xfy","speech only","spont speech1",NA,3.89051686514122,6.5777168152628,2.7573300062383
"905","xfy","speech only","spont speech2",NA,4.83506343713956,5.78546712802768,2.74364896073903
"906","xfy","speech only","spont speech3",NA,5.34691279439847,6.95947379588373,3.12101910828025
"907","ybh","speech only","reading1",NA,6.16616183470359,7.26643598615917,3.43469700284402
"908","ybh","speech only","reading2",NA,6.20989917506874,7.12893982808023,3.4546292031322
"909","ybh","speech only","reading3",NA,5.99393871366034,6.68986418228757,3.47590565398939
"910","ybh","speech only","spont speech1",NA,4.2286442838929,4.90827962320278,2.29795382814993
"911","ybh","speech only","spont speech2",NA,3.7081055383884,5.44330877109579,2.18063595273967
"912","ybh","speech only","spont speech3",NA,4.41420160067694,5.69051228713465,2.40717210221657
"913","yvc","speech only","reading1",NA,5.3475935828877,6.63265306122449,3.20074220109011
"914","yvc","speech only","reading2",NA,5.41287573419325,6.50275735294118,3.1508739650414
"915","yvc","speech only","reading3",NA,5.45712260807938,6.53995986306221,3.16261505782393
"916","yvc","speech only","spont speech1",NA,4.80818790957956,6.83666335504287,2.70877038018476
"917","yvc","speech only","spont speech2",NA,5.04071889918562,6.54461279461279,2.87148523888089
"918","yvc","speech only","spont speech3",NA,5.1215707164872,6.33132942698425,2.87172455819622
"919","zbw","speech only","reading1",NA,5.4506813351669,6.39760089966263,3.15157578789395
"920","zbw","speech only","reading2",NA,5.12445095168375,6.08642726719416,3.02586627623231
"921","zbw","speech only","reading3",NA,5.1358024691358,5.8496853017401,3.06122448979592
"922","zbw","speech only","spont speech1",NA,4.04117422798323,6.30321514804931,2.59508968324641
"923","zbw","speech only","spont speech2",NA,3.125,4.40053884149079,1.7964968311792
"924","zbw","speech only","spont speech3",NA,4.73121855901551,6.07824387810252,2.67987183221672
"925","zib","speech only","reading1",NA,5.71149621674396,6.49017933390265,3.13418217433888
"926","zib","speech only","reading2",NA,5.68195497772963,6.66746900950776,3.2810615199035
"927","zib","speech only","reading3",NA,5.63118091913903,6.46662014421959,3.27830737037898
"928","zib","speech only","spont speech1",NA,4.04690733501954,8.47485464638833,2.55803248503978
"929","zib","speech only","spont speech2",NA,4.05335068314899,7.79440468445023,2.70939168946203
"930","zib","speech only","spont speech3",NA,3.69534930007298,7.89491143103563,2.31098715011455
"931","zmq","speech only","reading1",NA,6.08355420926417,7.24747474747475,3.35858585858586
"932","zmq","speech only","reading2",NA,6.0942543576501,7.06094575441309,3.30322580645161
"933","zmq","speech only","reading3",NA,5.95903165735568,6.63911478469537,3.23097463284379
"934","zmq","speech only","spont speech1",NA,4.93373667530971,6.73437049841544,2.92570440296894
"935","zmq","speech only","spont speech2",NA,4.92614503106746,6.2358150091156,2.8228809772084
"936","zmq","speech only","spont speech3",NA,4.78715980460572,6.65038381018842,2.68221981629588
